Date       ,Name                                                                                ,Year ,Letterboxd URI
2020-12-31 ,The Shawshank Redemption                                                            ,1994 ,https://boxd.it/2aHi
2020-12-31 ,Seven Samurai                                                                       ,1954 ,https://boxd.it/2axi
2020-12-31 ,Spider-Man: Into the Spider-Verse                                                   ,2018 ,https://boxd.it/azpY
2020-12-31 ,The Dark Knight                                                                     ,2008 ,https://boxd.it/2b0k
2020-12-31 ,The Empire Strikes Back                                                             ,1980 ,https://boxd.it/27Vw
2020-12-31 ,The Lord of the Rings: The Return of the King                                       ,2003 ,https://boxd.it/2b5u
2020-12-31 ,Pulp Fiction                                                                        ,1994 ,https://boxd.it/29Pq
2020-12-31 ,Whiplash                                                                            ,2014 ,https://boxd.it/7bQA
2020-12-31 ,The Lord of the Rings: The Fellowship of the Ring                                   ,2001 ,https://boxd.it/2b5O
2020-12-31 ,The Lord of the Rings: The Two Towers                                               ,2002 ,https://boxd.it/2b5E
2020-12-31 ,Inglourious Basterds                                                                ,2009 ,https://boxd.it/1JzG
2020-12-31 ,Dr. Strangelove or: How I Learned to Stop Worrying and Love the Bomb                ,1964 ,https://boxd.it/29eY
2020-12-31 ,Star Wars                                                                           ,1977 ,https://boxd.it/72s
2020-12-31 ,The Lion King                                                                       ,1994 ,https://boxd.it/201Q
2020-12-31 ,Back to the Future                                                                  ,1985 ,https://boxd.it/2b8e
2020-12-31 ,Eternal Sunshine of the Spotless Mind                                               ,2004 ,https://boxd.it/6YK
2020-12-31 ,Terminator 2: Judgment Day                                                          ,1991 ,https://boxd.it/2aGY
2020-12-31 ,Toy Story                                                                           ,1995 ,https://boxd.it/29qA
2020-12-31 ,Raiders of the Lost Ark                                                             ,1981 ,https://boxd.it/2bbs
2020-12-31 ,The Grand Budapest Hotel                                                            ,2014 ,https://boxd.it/3ZqO
2020-12-31 ,Inception                                                                           ,2010 ,https://boxd.it/1skk
2020-12-31 ,Mad Max: Fury Road                                                                  ,2015 ,https://boxd.it/2DjO
2020-12-31 ,Saving Private Ryan                                                                 ,1998 ,https://boxd.it/29ro
2020-12-31 ,Good Will Hunting                                                                   ,1997 ,https://boxd.it/2ahY
2020-12-31 ,Heat                                                                                ,1995 ,https://boxd.it/2bg8
2020-12-31 ,Some Like It Hot                                                                    ,1959 ,https://boxd.it/2aNA
2020-12-31 ,Shoplifters                                                                         ,2018 ,https://boxd.it/ifY6
2020-12-31 ,Die Hard                                                                            ,1988 ,https://boxd.it/2a7u
2020-12-31 ,Home Alone                                                                          ,1990 ,https://boxd.it/29Fg
2020-12-31 ,The Queen's Gambit                                                                  ,2020 ,https://boxd.it/s1Ym
2020-12-31 ,Knives Out                                                                          ,2019 ,https://boxd.it/jWEA
2020-12-31 ,Love Actually                                                                       ,2003 ,https://boxd.it/2aeU
2020-12-31 ,Wonder Woman                                                                        ,2017 ,https://boxd.it/9roG
2020-12-31 ,Lady Bird                                                                           ,2017 ,https://boxd.it/dGNE
2020-12-31 ,Interstellar                                                                        ,2014 ,https://boxd.it/4VZ8
2020-12-31 ,Uncut Gems                                                                          ,2019 ,https://boxd.it/gXGc
2020-12-31 ,The Social Network                                                                  ,2010 ,https://boxd.it/17ue
2020-12-31 ,Ratatouille                                                                         ,2007 ,https://boxd.it/27ww
2020-12-31 ,Call Me by Your Name                                                                ,2017 ,https://boxd.it/dYmm
2020-12-31 ,Baby Driver                                                                         ,2017 ,https://boxd.it/bhF2
2020-12-31 ,The Truman Show                                                                     ,1998 ,https://boxd.it/18U8
2020-12-31 ,The Matrix                                                                          ,1999 ,https://boxd.it/2a1m
2020-12-31 ,Black Panther                                                                       ,2018 ,https://boxd.it/8MHs
2020-12-31 ,Django Unchained                                                                    ,2012 ,https://boxd.it/2cCk
2020-12-31 ,Forrest Gump                                                                        ,1994 ,https://boxd.it/728
2020-12-31 ,Avengers: Endgame                                                                   ,2019 ,https://boxd.it/9vE4
2020-12-31 ,Up                                                                                  ,2009 ,https://boxd.it/1OEc
2020-12-31 ,Dunkirk                                                                             ,2017 ,https://boxd.it/d0Y6
2020-12-31 ,Scott Pilgrim vs. the World                                                         ,2010 ,https://boxd.it/1Aq6
2020-12-31 ,Marriage Story                                                                      ,2019 ,https://boxd.it/hJAw
2020-12-31 ,Avengers: Infinity War                                                              ,2018 ,https://boxd.it/9vEe
2020-12-31 ,WALLÂ·E                                                                              ,2008 ,https://boxd.it/1VEo
2020-12-31 ,Arrival                                                                             ,2016 ,https://boxd.it/aNGk
2020-12-31 ,Blade Runner 2049                                                                   ,2017 ,https://boxd.it/b8wK
2020-12-31 ,Zodiac                                                                              ,2007 ,https://boxd.it/27MO
2020-12-31 ,The Incredibles                                                                     ,2004 ,https://boxd.it/1XLm
2020-12-31 ,Guardians of the Galaxy                                                             ,2014 ,https://boxd.it/3VH2
2020-12-31 ,Return of the Jedi                                                                  ,1983 ,https://boxd.it/27Vm
2020-12-31 ,Star Wars: The Force Awakens                                                        ,2015 ,https://boxd.it/4vru
2020-12-31 ,Finding Nemo                                                                        ,2003 ,https://boxd.it/72i
2020-12-31 ,Dead Poets Society                                                                  ,1989 ,https://boxd.it/2aSg
2020-12-31 ,"Monsters, Inc."                                                                    ,2001 ,https://boxd.it/2a46
2020-12-31 ,Spider-Man: Homecoming                                                              ,2017 ,https://boxd.it/aboM
2020-12-31 ,Thor: Ragnarok                                                                      ,2017 ,https://boxd.it/8MHi
2020-12-31 ,Star Wars: The Last Jedi                                                            ,2017 ,https://boxd.it/5xme
2020-12-31 ,Star Wars: Episode III - Revenge of the Sith                                        ,2005 ,https://boxd.it/27US
2020-12-31 ,Rogue One: A Star Wars Story                                                        ,2016 ,https://boxd.it/aPvy
2020-12-31 ,The Dark Knight Rises                                                               ,2012 ,https://boxd.it/H3m
2020-12-31 ,BlacKkKlansman                                                                      ,2018 ,https://boxd.it/hxL8
2020-12-31 ,Star Wars: The Rise of Skywalker                                                    ,2019 ,https://boxd.it/5xlK
2020-12-31 ,Star Wars: Episode I - The Phantom Menace                                           ,1999 ,https://boxd.it/27Vc
2020-12-31 ,Titanic                                                                             ,1997 ,https://boxd.it/2a2k
2020-12-31 ,Drive                                                                               ,2011 ,https://boxd.it/IG
2020-12-31 ,Jurassic Park                                                                       ,1993 ,https://boxd.it/2aA2
2020-12-31 ,Blade Runner                                                                        ,1982 ,https://boxd.it/2bcA
2020-12-31 ,The Avengers                                                                        ,2012 ,https://boxd.it/1xFW
2020-12-31 ,Catch Me If You Can                                                                 ,2002 ,https://boxd.it/29VS
2020-12-31 ,The Big Lebowski                                                                    ,1998 ,https://boxd.it/2b6C
2020-12-31 ,Deadpool                                                                            ,2016 ,https://boxd.it/9fOC
2020-12-31 ,Spider-Man: Far from Home                                                           ,2019 ,https://boxd.it/fegG
2020-12-31 ,Incredibles 2                                                                       ,2018 ,https://boxd.it/7IPg
2020-12-31 ,Star Wars: Episode II - Attack of the Clones                                        ,2002 ,https://boxd.it/27V2
2020-12-31 ,The Breakfast Club                                                                  ,1985 ,https://boxd.it/27q4
2020-12-31 ,Bohemian Rhapsody                                                                   ,2018 ,https://boxd.it/f1TK
2020-12-31 ,"Three Billboards Outside Ebbing, Missouri"                                         ,2017 ,https://boxd.it/ceBS
2020-12-31 ,Doctor Strange                                                                      ,2016 ,https://boxd.it/8MH8
2020-12-31 ,Captain America: Civil War                                                          ,2016 ,https://boxd.it/89Ja
2020-12-31 ,Toy Story 2                                                                         ,1999 ,https://boxd.it/29qq
2020-12-31 ,Suicide Squad                                                                       ,2016 ,https://boxd.it/9row
2020-12-31 ,Iron Man                                                                            ,2008 ,https://boxd.it/28dA
2020-12-31 ,John Wick                                                                           ,2014 ,https://boxd.it/7dEc
2020-12-31 ,Guardians of the Galaxy Vol. 2                                                      ,2017 ,https://boxd.it/8MxC
2020-12-31 ,Captain Marvel                                                                      ,2019 ,https://boxd.it/9vSA
2020-12-31 ,Captain America: The Winter Soldier                                                 ,2014 ,https://boxd.it/3r58
2020-12-31 ,Jingle All the Way                                                                  ,1996 ,https://boxd.it/1Z58
2020-12-31 ,Shrek                                                                               ,2001 ,https://boxd.it/29zi
2020-12-31 ,The Martian                                                                         ,2015 ,https://boxd.it/8SeG
2020-12-31 ,Batman Begins                                                                       ,2005 ,https://boxd.it/2aIg
2020-12-31 ,Jaws                                                                                ,1975 ,https://boxd.it/2a5e
2020-12-31 ,Avatar                                                                              ,2009 ,https://boxd.it/1Efm
2020-12-31 ,The Great Gatsby                                                                    ,2013 ,https://boxd.it/JY
2020-12-31 ,Avengers: Age of Ultron                                                             ,2015 ,https://boxd.it/3qi6
2020-12-31 ,About Time                                                                          ,2013 ,https://boxd.it/43bI
2020-12-31 ,Iron Man 3                                                                          ,2013 ,https://boxd.it/2cBQ
2020-12-31 ,Logan                                                                               ,2017 ,https://boxd.it/7Piy
2020-12-31 ,Captain America: The First Avenger                                                  ,2011 ,https://boxd.it/28b0
2020-12-31 ,Brave                                                                               ,2012 ,https://boxd.it/bVG
2020-12-31 ,Ant-Man                                                                             ,2015 ,https://boxd.it/3vmW
2020-12-31 ,Frozen                                                                              ,2013 ,https://boxd.it/3GNa
2020-12-31 ,Man of Steel                                                                        ,2013 ,https://boxd.it/FRk
2020-12-31 ,Spider-Man                                                                          ,2002 ,https://boxd.it/2a8i
2020-12-31 ,Superbad                                                                            ,2007 ,https://boxd.it/20hO
2020-12-31 ,Solo: A Star Wars Story                                                             ,2018 ,https://boxd.it/bGWs
2020-12-31 ,Spider-Man 2                                                                        ,2004 ,https://boxd.it/2a88
2020-12-31 ,Hot Fuzz                                                                            ,2007 ,https://boxd.it/2416
2020-12-31 ,Monsters University                                                                 ,2013 ,https://boxd.it/bQm
2020-12-31 ,The Hunger Games                                                                    ,2012 ,https://boxd.it/2uds
2020-12-31 ,Thor                                                                                ,2011 ,https://boxd.it/1WQU
2020-12-31 ,Shaun of the Dead                                                                   ,2004 ,https://boxd.it/29J8
2020-12-31 ,Iron Man 2                                                                          ,2010 ,https://boxd.it/1WZM
2020-12-31 ,Grease                                                                              ,1978 ,https://boxd.it/29YW
2020-12-31 ,Kingsman: The Secret Service                                                        ,2014 ,https://boxd.it/6dxe
2020-12-31 ,Shrek 2                                                                             ,2004 ,https://boxd.it/29z8
2020-12-31 ,Gravity                                                                             ,2013 ,https://boxd.it/GZY
2020-12-31 ,Ocean's Eleven                                                                      ,2001 ,https://boxd.it/2aZm
2020-12-31 ,Deadpool 2                                                                          ,2018 ,https://boxd.it/dlLM
2020-12-31 ,Ant-Man and the Wasp                                                                ,2018 ,https://boxd.it/cqUW
2020-12-31 ,The Big Short                                                                       ,2015 ,https://boxd.it/ajZw
2020-12-31 ,The Imitation Game                                                                  ,2014 ,https://boxd.it/6aig
2020-12-31 ,What We Do in the Shadows                                                           ,2014 ,https://boxd.it/7eQy
2020-12-31 ,School of Rock                                                                      ,2003 ,https://boxd.it/28xK
2020-12-31 ,Mamma Mia!                                                                          ,2008 ,https://boxd.it/1Tnq
2020-12-31 ,Thor: The Dark World                                                                ,2013 ,https://boxd.it/2DqA
2020-12-31 ,A Bug's Life                                                                        ,1998 ,https://boxd.it/1Yyy
2020-12-31 ,Borat: Cultural Learnings of America for Make Benefit Glorious Nation of Kazakhstan ,2006 ,https://boxd.it/2agQ
2020-12-31 ,Moneyball                                                                           ,2011 ,https://boxd.it/glS
2020-12-31 ,Back to the Future Part II                                                          ,1989 ,https://boxd.it/2aYI
2020-12-31 ,The Hunger Games: Catching Fire                                                     ,2013 ,https://boxd.it/3sAw
2020-12-31 ,The Hobbit: An Unexpected Journey                                                   ,2012 ,https://boxd.it/GZk
2020-12-31 ,Casino Royale                                                                       ,2006 ,https://boxd.it/1alk
2020-12-31 ,Skyfall                                                                             ,2012 ,https://boxd.it/17Fc
2020-12-31 ,Fantastic Beasts and Where to Find Them                                             ,2016 ,https://boxd.it/7FPC
2020-12-31 ,Indiana Jones and the Last Crusade                                                  ,1989 ,https://boxd.it/2baO
2020-12-31 ,Life of Pi                                                                          ,2012 ,https://boxd.it/37pC
2020-12-31 ,Spider-Man 3                                                                        ,2007 ,https://boxd.it/2a7Y
2020-12-31 ,Monty Python and the Holy Grail                                                     ,1975 ,https://boxd.it/29GI
2020-12-31 ,The Terminator                                                                      ,1984 ,https://boxd.it/2aQY
2020-12-31 ,Wreck-It Ralph                                                                      ,2012 ,https://boxd.it/2TTS
2020-12-31 ,Rocky                                                                               ,1976 ,https://boxd.it/28Uk
2020-12-31 ,Now You See Me                                                                      ,2013 ,https://boxd.it/2Bsu
2020-12-31 ,"O Brother, Where Art Thou?"                                                        ,2000 ,https://boxd.it/2b3I
2020-12-31 ,Chef                                                                                ,2014 ,https://boxd.it/6lCG
2020-12-31 ,A Beautiful Mind                                                                    ,2001 ,https://boxd.it/2amk
2020-12-31 ,Hunt for the Wilderpeople                                                           ,2016 ,https://boxd.it/cTgG
2020-12-31 ,The Rocky Horror Picture Show                                                       ,1975 ,https://boxd.it/1a3q
2020-12-31 ,Kung Fu Panda                                                                       ,2008 ,https://boxd.it/1Yws
2020-12-31 ,The Hobbit: The Desolation of Smaug                                                 ,2013 ,https://boxd.it/nmS
2020-12-31 ,Atonement                                                                           ,2007 ,https://boxd.it/24ui
2020-12-31 ,The Amazing Spider-Man                                                              ,2012 ,https://boxd.it/27PI
2020-12-31 ,"The Chronicles of Narnia: The Lion, the Witch and the Wardrobe"                    ,2005 ,https://boxd.it/2ark
2020-12-31 ,Chernobyl                                                                           ,2019 ,https://boxd.it/mkbG
2020-12-31 ,Marie Antoinette                                                                    ,2006 ,https://boxd.it/27Wa
2020-12-31 ,Indiana Jones and the Temple of Doom                                                ,1984 ,https://boxd.it/2bb8
2020-12-31 ,Cast Away                                                                           ,2000 ,https://boxd.it/20i8
2020-12-31 ,Back to the Future Part III                                                         ,1990 ,https://boxd.it/2aTS
2020-12-31 ,Mission: Impossible - Fallout                                                       ,2018 ,https://boxd.it/bSVc
2020-12-31 ,Hugo                                                                                ,2011 ,https://boxd.it/R08
2020-12-31 ,The King's Speech                                                                   ,2010 ,https://boxd.it/dX0
2020-12-31 ,Alice in Wonderland                                                                 ,2010 ,https://boxd.it/1Spq
2020-12-31 ,Mamma Mia! Here We Go Again                                                         ,2018 ,https://boxd.it/gnfO
2020-12-31 ,The Hunger Games: Mockingjay - Part 1                                               ,2014 ,https://boxd.it/4hka
2020-12-31 ,Men in Black                                                                        ,1997 ,https://boxd.it/2a0I
2020-12-31 ,The Matrix Reloaded                                                                 ,2003 ,https://boxd.it/2a1c
2020-12-31 ,Megamind                                                                            ,2010 ,https://boxd.it/16Sk
2020-12-31 ,X-Men: First Class                                                                  ,2011 ,https://boxd.it/FOA
2020-12-31 ,The Amazing Spider-Man 2                                                            ,2014 ,https://boxd.it/3utM
2020-12-31 ,Pitch Perfect                                                                       ,2012 ,https://boxd.it/3OsE
2020-12-31 ,The Old Guard                                                                       ,2020 ,https://boxd.it/jY2e
2020-12-31 ,True Grit                                                                           ,2010 ,https://boxd.it/Sog
2020-12-31 ,The Hunger Games: Mockingjay - Part 2                                               ,2015 ,https://boxd.it/4hk0
2020-12-31 ,A Simple Favor                                                                      ,2018 ,https://boxd.it/hq92
2020-12-31 ,Life of Brian                                                                       ,1979 ,https://boxd.it/2a4q
2020-12-31 ,Kick-Ass                                                                            ,2010 ,https://boxd.it/1zaQ
2020-12-31 ,Kingsman: The Golden Circle                                                         ,2017 ,https://boxd.it/buJm
2020-12-31 ,Sherlock Holmes                                                                     ,2009 ,https://boxd.it/1W2A
2020-12-31 ,Spectre                                                                             ,2015 ,https://boxd.it/6bXY
